insert into lab41.passport(passport_id,passport_series,passport_number,passport_address,sex,placeofbirth) values 
(1,"AК","12312","Канатная 10","Мужчина","Днепр"),
(2,"AM","21356","Яворницкого 11","Мужчина","Днепр"),
(3,"AP","56464","Барикадная 100","Мужчина","Днепр"),
(4,"МК","97897","Героев Крут 99","Мужчина","Днепр"),
(5,"AK","54664","Красная 32","Женщина","Днепр"),
(6,"ОЕ","67856","Синяя 98","Женщина","Днепр"),
(7,"ТР","96757","Зеленая 65","Мужчина","Днепр"),
(8,"КВ","87688","Усталая 54","Мужчина","Днепр"),
(9,"ВК","45645","Сделанная 156","Женщина","Днепр"),
(10,"КА","09879","Рабочая 22","Мужчина","Днепр");

insert into lab41.passport values
(11,"AК","39274","Телевизонная 1","Женщина","Днепр"),
(12,"AM","24316","Уличная 133","Мужчина","Днепр"),
(13,"AP","57773","Актерская 542","Мужчина","Днепр"),
(14,"МК","13242","Президентская 9","Мужчина","Днепр"),
(15,"AK","78579","Старая 2","Женщина","Днепр"),
(16,"ОЕ","68768","Новая 87","Женщина","Днепр"),
(17,"ТР","03291","Бекйкер Стрит 11","Мужчина","Днепр"),
(18,"КВ","09876","Уолл Стрит 64","Мужчина","Днепр"),
(19,"ВК","12345","Центральная 324","Женщина","Днепр"),
(20,"КА","12598","Нерабочая 221","Мужчина","Днепр");

insert into lab41.phone_types values (1,"Мобильный"),(2,"Домашний");
insert into lab41.phones values 
(1,1,"0281234561"),
(2,1,"4562398388"),
(3,1,"5123512332"),
(4,1,"5743634654"),
(5,1,"6896787667"),
(6,1,"3214243232"),
(7,1,"4352435433"),
(8,1,"5636344554"),
(9,1,"1234346896"),
(10,1,"0230423490");

insert into lab41.phones values 
(11,1,"0345122861"),
(12,1,"4562398388"),
(13,1,"5133235122"),
(14,1,"5634674354"),
(15,1,"6766896787"),
(16,1,"2142432332"),
(17,1,"4523343354"),
(18,1,"6344563554"),
(19,1,"1243468936"),
(20,1,"2302304490");

insert into lab41.costumers(costumers_id,passport_id,phones_id,costumer_name,costumer_address) values 
(1,1,1,"Егор", "Канатная 10"),
(2,2,2,"Игорь", "Яворницкого 11"),
(3,3,3,"Владимир", "Барикадная 100"),
(4,4,4,"Сергей", "Героев Крут 99"),
(5,5,5,"Елена", "Красная 32"),
(6,6,6,"Виктория", "Синяя 98"),
(7,7,7,"Антон", "Зеленая 65"),
(8,8,8,"Валерий", "Усталая 54"),
(9,9,9,"Александра", "Сделанная 156"),
(10,10,10,"Андрей", "Рабочая 22");

insert into lab41.masters values
(1,11,11,"Дарья", "Телевизонная 1"),
(2,12,12,"Сергей", "Уличная 133"),
(3,13,13,"Влад", "Актерская 542"),
(4,14,14,"Любава", "Президентская 9"),
(5,15,15,"Алексей", "Старая 2"),
(6,16,16,"Евгения", "Новая 87"),
(7,17,17,"Леонид", "Бекйкер Стрит 11"),
(8,18,18,"Карл", "Уолл Стрит 64"),
(9,19,19,"Тихон", "Центральная 324"),
(10,20,20,"Илья", "Нерабочая 221");

insert into lab41.functions values (1,"Секундомер"),(2,"Измеритель пульса"),(3,"Счетчик шагов"),(4,"Будильник"),(5,"Стандарт");
insert into lab41.watches values
(1,"Armani","Rich",5,"Механика"),
(2,"NoName","StandartED",5,"Механика"),
(3,"Famous","Reliable",1,"Электроника"),
(4,"Levi","Fashion",4,"Механика"),
(5,"Apple","Smart",4,"Электроника"),
(6,"Swine","German",1,"Механика"),
(7,"America","Brilliant",5,"Механика"),
(8,"Childhood","Easy",4,"Электроника"),
(9,"Sportacus","Casual",3,"Механика"),
(10,"Apple","Futurism",2,"Механика");

insert into lab41.order_condition values 
(1,"Готово","22-04-18"),
(2,"У мастера","21-04-18"),
(3,"Готово","02-05-18"),
(4,"У мастера","09-04-18"),
(5,"Готово","11-04-18"),
(6,"Готово","05-02-18"),
(7,"Готово","08-03-18"),
(8,"У мастера","09-05-18"),
(9,"У мастера","23-02-18"),
(10,"У мастера","01-01-18");

insert into lab41.services values
(1,"Замена детали","100"),
(2,"Чистка механизма","100"),
(3,"Замена стекла","100"),
(4,"Замена ремешка","100"),
(5,"Замена батарейки","100"),
(6,"Чистка механизма","100"),
(7,"Замена детали","100"),
(8,"Замена детали","100"),
(9,"Замена платы","100"),
(10,"Калибровка функций","100");

insert into order_form values 
(1,3,1,1,2,4,"20-04-18"),
(2,1,3,2,4,3,"21-04-18"),
(3,2,2,3,5,1,"30-04-18"),
(4,5,8,4,8,9,"08-04-18"),
(5,4,7,5,7,2,"09-04-18"),
(6,6,9,6,6,10,"02-02-18"),
(7,8,6,7,1,8,"03-03-18"),
(8,9,4,8,10,5,"01-05-18"),
(9,7,5,9,9,6,"20-02-18"),
(10,10,10,4,3,7,"30-01-17");

select * from functions;
select * from watches;
select * from order_form;